,college_name,no_of_applications,no_of_apps_accepted,no_of_enrolled,PctTop10HS,PctTop25HS,no_of_FT,no_of_PT,outstate_tuition,room_board_cost,books_cost,personal_spending,pct_phd_faculty,pct_termianl_faculty,sf_ratio,pct_alumni_donors,exp_per_student,total_misc_cost,accept_rate,is_private,grad_rate_round
472,Rowan College of New Jersey,0.077874742,0.051755655,0.103822558,0.210526316,0.67032967,0.163915693,0.180490039,0.104132231,0.480769231,0.31372549,0.083969466,0.747252747,0.75,0.525469169,0.09375,0.076649009,0.334085779,0.260319338,No,0.46
289,Knox College,0.019973757,0.029438647,0.039484033,0.494736842,0.747252747,0.026282377,0.001053355,0.692510331,0.359709962,0.135472371,0.083969466,0.879120879,0.934210526,0.273458445,0.515625,0.18922842,0.202257336,0.778237729,Yes,0.78
312,Lock Haven University of Pennsylvania,0.072667819,0.081613223,0.096901054,0.168421053,0.351648352,0.103193245,0.014838562,0.258884298,0.290037831,0.057486631,0.038167939,0.428571429,0.407894737,0.36461126,0.21875,0.060097649,0.098758465,0.551034891,No,0.6
32,Baker University,0.010851228,0.015652373,0.026899481,0.210526316,0.417582418,0.025996699,0.021296084,0.324380165,0.365699874,0.135472371,0.305343511,0.549450549,0.578947368,0.227882038,0.328125,0.055611062,0.37020316,0.766173862,Yes,0.62
152,Dana College,0.008810114,0.015614289,0.023596036,0.094736842,0.296703297,0.013045962,0.003801237,0.35072314,0.243064313,0.157754011,0.183206107,0.417582418,0.355263158,0.27077748,0.390625,0.103681641,0.197742664,0.948314607,Yes,0.49
260,Illinois College,0.016932914,0.027229797,0.035708668,0.284210526,0.593406593,0.024441341,0.001236547,0.294938017,0.32629256,0.22459893,0.114503817,0.736263736,0.671052632,0.351206434,0.46875,0.078458725,0.223476298,0.858426966,Yes,0.47
207,Freed-Hardeman University,0.016953742,0.018127809,0.043888627,0.2,0.494505495,0.032852971,0.002244104,0.16322314,0.245901639,0.22459893,0.20610687,0.659340659,0.684210526,0.36461126,0.203125,0.054517692,0.233634312,0.54145476,Yes,0.58
370,Monmouth College IL,0.0108304,0.016414045,0.026584867,0.284210526,0.527472527,0.016886745,0.00045798,0.550619835,0.365699874,0.135472371,0.032061069,0.912087912,0.881578947,0.243967828,0.671875,0.14894339,0.168171558,0.807096393,Yes,0.52
156,Defiance College,0.010205569,0.014814533,0.02186566,0.094736842,0.186813187,0.016061453,0.012915045,0.439566116,0.297919294,0.135472371,0.138778626,0.549450549,0.473684211,0.27613941,0.296875,0.081418365,0.198532731,0.772205795,Yes,0.52
532,St. Bonaventure University,0.029325391,0.047261787,0.053484348,0.126315789,0.395604396,0.04916836,0.005953744,0.419214876,0.496059269,0.180035651,0.122137405,0.912087912,0.881578947,0.407506702,0.5,0.12520972,0.339390519,0.860201064,Yes,0.76
687,University of Wisconsin at Milwaukee,0.107533376,0.141290273,0.298096586,0.115789474,0.307692308,0.362557136,0.340828944,0.332954545,0.186633039,0.211229947,0.264122137,0.78021978,0.828947368,0.35924933,0.125,0.092521726,0.230699774,0.670254287,No,0.31
73,Cabrini College,0.010788745,0.016071293,0.029731005,0.073684211,0.208791209,0.028440833,0.020380124,0.422417355,0.704602774,0.090909091,0.007633588,0.56043956,0.684210526,0.375335121,0.5625,0.074104096,0.381489842,0.792667061,Yes,0.69
187,Emory University,0.175473309,0.155990555,0.188925594,0.789473684,0.967032967,0.171565515,0.008747424,0.78822314,0.66519546,0.22459893,0.094656489,0.978021978,0.973684211,0.067024129,0.4375,0.476388863,0.451467269,0.396806623,Yes,0.97
178,Eastern Mennonite College,0.008435215,0.014014776,0.030202926,0.189473684,0.428571429,0.024250889,0.002656286,0.377582645,0.318411097,0.22459893,0.160305344,0.417582418,0.539473684,0.238605898,0.453125,0.131996154,0.251693002,0.887995269,Yes,0.81
202,Fort Lewis College,0.069960219,0.104768071,0.171149913,0.157894737,0.285714286,0.115985272,0.022212045,0.19927686,0.242749054,0.180035651,0.34351145,0.89010989,0.960526316,0.445040214,0.09375,0.02216902,0.321670429,0.787817859,No,0.4
467,Rockhurst College,0.017786849,0.029933734,0.048765141,0.221052632,0.450549451,0.031361097,0.034485917,0.369318182,0.365699874,0.180035651,0.190839695,0.571428571,0.723684211,0.219839142,0.328125,0.081682282,0.296839729,0.902542874,Yes,0.78
190,Eureka College,0.009976465,0.014547947,0.012269939,0.368421053,0.516483516,0.01095099,0.00068697,0.444989669,0.263240858,0.104278075,0.064122137,0.593406593,0.828947368,0.217158177,0.484375,0.120006786,0.110609481,0.776108811,Yes,0.48
2,Adrian College,0.028054902,0.039035722,0.047349379,0.221052632,0.450549451,0.028472575,0.004488207,0.460227273,0.310529634,0.135472371,0.139694656,0.494505495,0.552631579,0.278820375,0.46875,0.10460535,0.208239278,0.725842697,Yes,0.49
242,Hardin-Simmons University,0.008039489,0.013405438,0.049551675,0.157894737,0.340659341,0.038915693,0.015250744,0.204545455,0.189155107,0.26916221,0.288549618,0.736263736,0.723684211,0.300268097,0.15625,0.07291647,0.26523702,0.891070373,Yes,0.31
316,Louisiana State University at Baton Rouge,0.123195801,0.187409551,0.478842221,0.294736842,0.527472527,0.511998476,0.172017403,0.18517562,0.189155107,0.22459893,0.304122137,0.824175824,0.828947368,0.35924933,0.171875,0.067016042,0.265462754,0.802128918,No,0.3
37,Barry University,0.018932372,0.027115546,0.038382885,0.178947368,0.395604396,0.053072626,0.14394321,0.462293388,0.564312736,0.22459893,0.236641221,0.747252747,0.710526316,0.27077748,0.171875,0.111184421,0.484198646,0.753873448,Yes,0.7
240,Hampton University,0.147814134,0.140262015,0.219915054,0.252631579,0.593406593,0.142331133,0.033844745,0.249018595,0.273959647,0.22459893,0.267175573,0.571428571,0.526315789,0.308310992,0.140625,0.067958603,0.298871332,0.435955056,Yes,0.67
463,Rider University,0.073001062,0.089572702,0.1093283,0.157894737,0.241758242,0.082814881,0.059903824,0.563533058,0.573770492,0.26916221,0.435114504,0.835164835,0.894736842,0.262734584,0.359375,0.152939846,0.648984199,0.616794796,Yes,0.67
500,San Diego State University,0.194134922,0.264605073,0.332861413,0.2,0.67032967,0.516378873,0.254133272,0.312190083,0.524905422,0.229946524,0.328244275,0.868131868,0.907894737,0.455764075,0.109375,0.089430128,0.525056433,0.700295683,No,0.35
577,Transylvania University,0.014121176,0.025020946,0.032877143,0.589473684,0.791208791,0.023108177,0.002289902,0.44214876,0.420870113,0.180035651,0.114503817,0.802197802,0.881578947,0.257372654,0.640625,0.132580542,0.279909707,0.953282082,Yes,0.67
258,Husson College,0.013371379,0.022088506,0.051282051,0.094736842,0.230769231,0.025774505,0.032287612,0.282024793,0.349936948,0.113190731,0.190839695,0.307692308,0.263157895,0.522788204,0.0625,0.032744547,0.268623025,0.883855707,Yes,0.83
612,University of Indianapolis,0.029283736,0.045852693,0.055529338,0.263157895,0.461538462,0.040566277,0.07533776,0.453512397,0.362547289,0.191176471,0.176335878,0.516483516,0.421052632,0.230563003,0.359375,0.066902935,0.286681716,0.832170313,Yes,0.66
576,Tiffin University,0.015912357,0.025211364,0.034450212,0.042105263,0.131868132,0.016601067,0.016029311,0.271694215,0.318411097,0.22459893,0.145038168,0.56043956,0.657894737,0.442359249,0.625,0.036005806,0.240406321,0.844589001,Yes,0.33
641,University of North Carolina at Wilmington,0.124757878,0.144108462,0.222431965,0.147368421,0.637362637,0.206196039,0.052392947,0.269524793,0.299495586,0.180035651,0.190839695,0.813186813,0.802631579,0.445040214,0.234375,0.053141554,0.249435666,0.568539326,No,0.51
53,Birmingham-Southern College,0.015079249,0.019651154,0.03964134,0.694736842,0.868131868,0.039264855,0.009434394,0.481404959,0.401166456,0.135472371,0.099236641,0.725274725,0.723684211,0.308310992,0.53125,0.102984146,0.243227991,0.681135423,Yes,0.7
568,Tennessee Wesleyan College,0.003144982,0.004189199,0.010067642,0.063157895,0.21978022,0.008348146,0.010808335,0.244318182,0.293190416,0.135472371,0.443969466,0.56043956,0.539473684,0.171581769,0.25,0.058438743,0.420767494,0.74512123,Yes,0.29
296,Lamar University,0.046966447,0.062952243,0.158565361,0.094736842,0.197802198,0.168200863,0.18580261,0.124586777,0.198612863,0.183600713,0.18519084,0.43956044,0.763157895,0.426273458,0.1875,0.050766302,0.173927765,0.69059728,No,0.18
315,Louisiana College,0.040239102,0.037360043,0.027843322,0.336842105,0.571428571,0.024536567,0.007190291,0.145144628,0.197982346,0.180035651,0.214503817,0.615384615,0.657894737,0.214477212,0.171875,0.082210116,0.194243792,0.435955056,Yes,0.55
381,Mount Holyoke College,0.035802803,0.047299871,0.077237691,0.484210526,0.769230769,0.055611986,0.001786123,0.876033058,0.617906683,0.29144385,0.076335878,0.78021978,0.881578947,0.174262735,0.796875,0.28602937,0.420993228,0.68066233,Yes,0.83
98,Central College,0.025034886,0.039645061,0.057574328,0.315789474,0.615384615,0.038598273,0.001786123,0.44411157,0.296343001,0.24688057,0.053435115,0.747252747,0.868421053,0.294906166,0.453125,0.099119649,0.162528217,0.843287995,Yes,0.64
11,Allegheny College,0.053547997,0.069616879,0.070630801,0.452631579,0.747252747,0.049771458,0.001969315,0.761363636,0.419293821,0.135472371,0.053435115,0.714285714,0.881578947,0.198391421,0.640625,0.160706543,0.22234763,0.664577173,Yes,0.74
139,Columbia College,0.013662966,0.020641328,0.032562529,0.210526316,0.637362637,0.026314119,0.010808335,0.417613636,0.345996217,0.180035651,0.190839695,0.582417582,0.697368421,0.327077748,0.53125,0.103813599,0.282731377,0.802602011,Yes,0.74
628,University of Mississippi,0.078374607,0.126094904,0.257039484,0.263157895,0.417582418,0.234414678,0.036775819,0.133057851,0.31998739,0.22459893,0.045801527,0.802197802,0.815789474,0.477211796,0.21875,0.07135182,0.168171558,0.85819042,No,0.48
35,Bard College,0.03809385,0.029172062,0.039326726,0.515789474,0.835164835,0.027456831,0.000641172,0.874173554,0.697667087,0.29144385,0.076335878,0.989010989,0.973684211,0.211796247,0.46875,0.201858729,0.478103837,0.336132466,Yes,0.78
485,Saint Joseph's University,0.050777914,0.073539493,0.116564417,0.4,0.681318681,0.07408583,0.060132814,0.537706612,0.7203657,0.113190731,0.219847328,0.835164835,0.868421053,0.399463807,0.203125,0.095330556,0.55530474,0.757776464,Yes,0.82
694,Vanderbilt University,0.160581509,0.175870211,0.23029731,0.736842105,0.912087912,0.170168867,0.004076025,0.801911157,0.74795082,0.237967914,0.107175573,0.934065934,0.973684211,0.08847185,0.40625,0.38954135,0.523363431,0.52927262,Yes,0.82
547,Stonehill College,0.074250724,0.084850331,0.086518798,0.252631579,0.659340659,0.059770188,0.042363178,0.507747934,0.692307692,0.171122995,0.083969466,0.78021978,0.723684211,0.28150134,0.46875,0.081229853,0.449435666,0.563335305,Yes,0.98
364,Millsaps College,0.017162019,0.029019727,0.044675161,0.326315789,0.571428571,0.029647029,0.008152049,0.463842975,0.413303909,0.202317291,0.167938931,0.813186813,0.855263158,0.273458445,0.59375,0.151412898,0.319638826,0.907155529,Yes,0.54
128,College of Saint Elizabeth,0.007560452,0.010930002,0.013685701,0.347368421,0.483516484,0.011236668,0.044286696,0.44214876,0.546973518,0.126559715,0.114503817,0.659340659,0.605263158,0.238605898,0.359375,0.11802741,0.356659142,0.773625074,Yes,0.76
291,La Salle University,0.059317268,0.067103359,0.092339154,0.2,0.516483516,0.082497461,0.076070529,0.529958678,0.60372005,0.157754011,0.444274809,0.901098901,0.868421053,0.337801609,0.140625,0.111184421,0.648984199,0.557894737,Yes,0.83
412,Northwest Missouri State University,0.05515173,0.093799985,0.192229039,0.073684211,0.21978022,0.147536821,0.021570872,0.072055785,0.213745271,0.068627451,0.210687023,0.593406593,0.539473684,0.514745308,0.359375,0.039549833,0.174492099,0.915907747,No,0.49
523,Southwest Baptist University,0.021077625,0.038883388,0.095485292,0.115789474,0.252747253,0.051771204,0.044240898,0.244318182,0.113493064,0.135472371,0.114503817,0.483516484,0.394736842,0.35924933,0.203125,0.02888005,0.048532731,1,Yes,0.69
622,University of Massachusetts at Dartmouth,0.068023244,0.09616117,0.152745006,0.094736842,0.307692308,0.143632555,0.074604992,0.236518595,0.428751576,0.180035651,0.152671756,0.725274725,0.868421053,0.335120643,0.3125,0.080607763,0.313769752,0.734949734,No,0.52
94,Cedarville College,0.025534751,0.038769137,0.091395312,0.252631579,0.505494505,0.065293296,0.00370964,0.258471074,0.414564943,0.211229947,0.114503817,0.461538462,0.368421053,0.343163539,0.53125,0.069956831,0.283295711,0.80366647,Yes,0.61
739,Westminster College PA,0.034511486,0.049546805,0.060091238,0.210526316,0.505494505,0.037963433,0.001328143,0.832644628,0.660466583,0.26916221,0.091603053,0.923076923,0.947368421,0.286863271,0.640625,0.367937866,0.457110609,0.751626257,Yes,0.69
465,Rivier College,0.00839356,0.01195826,0.016674532,0.052631579,0.208791209,0.014315642,0.054728647,0.388946281,0.485498108,0.22459893,0.129770992,0.56043956,0.460526316,0.260053619,0.296875,0.067072596,0.348758465,0.760496747,Yes,0.8
290,La Roche College,0.005831754,0.009482824,0.023596036,0.094736842,0.351648352,0.016220163,0.037462789,0.335847107,0.473203026,0.22459893,0.129770992,0.538461538,0.644736842,0.313672922,0.21875,0.072313232,0.339954853,0.868953282,Yes,0.47
175,Eastern College,0.00785204,0.011310839,0.020449898,0.157894737,0.362637363,0.029139157,0.016212503,0.457128099,0.476040353,0.157754011,0.149618321,0.571428571,0.473684211,0.297587131,0.34375,0.093294626,0.33972912,0.770195151,Yes,0.49
585,Tusculum College,0.011351092,0.011425089,0.01730376,0.115789474,0.274725275,0.026790249,0.001786123,0.276859504,0.255359395,0.157754011,0.083969466,0.681318681,0.605263158,0.520107239,0.4375,0.032933059,0.133182844,0.520047309,Yes,0.47
29,Augustana College,0.014162831,0.024868611,0.042630171,0.210526316,0.538461538,0.038026917,0.013693611,0.446797521,0.230769231,0.22459893,0.117709924,0.637362637,0.605263158,0.211796247,0.46875,0.069466699,0.15744921,0.944056771,Yes,0.66
662,University of South Florida,0.156374315,0.17533704,0.289602014,0.294736842,0.593406593,0.464417217,0.501992214,0.228305785,0.314627995,0.180035651,0.294656489,0.835164835,0.855263158,0.388739946,0.109375,0.147680359,0.337020316,0.546067416,No,0.42
589,Univ. of Wisconsin at OshKosh,0.098285881,0.10770051,0.232814221,0.136842105,0.428571429,0.242032758,0.067368903,0.234194215,0.096784363,0.188057041,0.250381679,0.714285714,0.710526316,0.44772118,0.21875,0.051181028,0.1503386,0.53187463,No,0.52
626,University of Minnesota at Morris,0.028679733,0.030543073,0.086990719,0.578947368,0.846153846,0.054183596,0.007007099,0.387551653,0.220680958,0.22459893,0.190839695,0.725274725,0.710526316,0.324396783,0.25,0.066544762,0.204288939,0.526315789,No,0.46
28,Augustana College IL,0.037448191,0.06040064,0.07267579,0.368421053,0.659340659,0.057484764,0.001694527,0.568853306,0.37720681,0.197860963,0.087175573,0.769230769,0.776315789,0.273458445,0.625,0.113748186,0.232957111,0.860910704,Yes,0.69
733,Westfield State College,0.062878804,0.079137787,0.124272456,0.021052632,0.120879121,0.098241493,0.043050149,0.165392562,0.316519546,0.180035651,0.160305344,0.736263736,0.723684211,0.353887399,0.3125,0.019529851,0.239051919,0.637492608,No,0.62
66,Briar Cliff College,0.006477412,0.010625333,0.018876829,0.157894737,0.384615385,0.019013459,0.019647355,0.409090909,0.286412358,0.22459893,0.190839695,0.340659341,0.552631579,0.284182306,0.40625,0.097441891,0.251354402,0.876286221,Yes,0.54
353,Meredith College,0.016162289,0.026658542,0.053641655,0.252631579,0.538461538,0.050215846,0.021479276,0.226239669,0.231715006,0.157754011,0.19389313,0.758241758,0.763157895,0.305630027,0.515625,0.069655211,0.19751693,0.882672975,Yes,0.81
231,Greensboro College,0.010976194,0.016071293,0.022180274,0.094736842,0.241758242,0.016188421,0.014334784,0.309400826,0.313682219,0.202317291,0.160305344,0.615384615,0.736842105,0.28150134,0.484375,0.089788301,0.242663657,0.778237729,Yes,0.33
427,Oklahoma State University,0.092495782,0.146279229,0.33758062,0.294736842,0.527472527,0.402837735,0.075887337,0.154752066,0.246532156,0.31372549,0.435114504,0.835164835,0.894736842,0.343163539,0.21875,0.06120987,0.425959368,0.840685985,No,0.43
610,University of Illinois - Urbana,0.309457855,0.441008455,0.891930156,0.536842105,0.868131868,0.802533012,0.041676208,0.269628099,0.440416141,0.180035651,0.264427481,0.868131868,0.868421053,0.399463807,0.203125,0.101287537,0.404740406,0.739798936,No,0.8
411,Northern Illinois University,0.221294233,0.272183715,0.371558911,0.115789474,0.307692308,0.466194769,0.090588505,0.28197314,0.238965952,0.166666667,0.229007634,0.714285714,0.710526316,0.396782842,0.171875,0.054668502,0.230925508,0.614784151,No,0.52
632,University of Mobile,0.007727074,0.009863661,0.036809816,0.168421053,0.494505495,0.040566277,0.013739409,0.196797521,0.299495586,0.202317291,0.145038168,0.56043956,0.513157895,0.378016086,0.0625,0.041962788,0.221218962,0.683382614,Yes,0.47
401,North Adams State College,0.03086664,0.035532028,0.032247916,0,0.10989011,0.039391823,0.006182734,0.165392562,0.401954603,0.180035651,0.114503817,0.626373626,0.618421053,0.313672922,0.265625,0.063641676,0.266365688,0.577764636,No,0.53
111,Claremont McKenna College,0.037052465,0.026468124,0.030202926,0.736842105,0.923076923,0.023743017,0,0.757231405,0.666771753,0.180035651,0.091603053,1,0.986842105,0.190348525,0.8125,0.287612872,0.439051919,0.305026611,Yes,0.87
508,Seton Hill College,0.017807677,0.027496382,0.025483719,0.242105263,0.516483516,0.019457847,0.009571788,0.459710744,0.378310214,0.113190731,0.267175573,0.692307692,0.618421053,0.233243968,0.578125,0.129677456,0.34537246,0.820579539,Yes,0.69
618,University of Maine at Presque Isle,0.007914523,0.011767842,0.031461381,0.094736842,0.340659341,0.026504571,0.022990611,0.220041322,0.291614124,0.135472371,0.217557252,0.648351648,0.565789474,0.340482574,0.171875,0.06073859,0.252257336,0.794795979,No,0.28
431,Pace University,0.170266386,0.140071597,0.233915369,0.378947368,0.67032967,0.179977146,0.200503778,0.44731405,0.532786885,0.251336898,0.132061069,0.901098901,0.934210526,0.302949062,0.15625,0.129564349,0.391083521,0.354464814,Yes,0.58
616,University of Maine at Farmington,0.023472809,0.027839135,0.063394683,0.2,0.428571429,0.056088116,0.015708725,0.23088843,0.345208071,0.157754011,0.213282443,0.648351648,0.671052632,0.35924933,0.40625,0.04761815,0.293115124,0.603429923,No,0.55
507,Seton Hall University,0.093620478,0.133026125,0.151801164,0.157894737,0.296703297,0.134744794,0.070025189,0.498966942,0.74148802,0.24688057,0.114503817,0.802197802,0.789473684,0.319034853,0.234375,0.129960224,0.526410835,0.738734477,Yes,0.61
590,University of Alabama at Birmingham,0.03574032,0.045243354,0.142048136,0.242105263,0.285714286,0.216512189,0.21511335,0.108471074,0.535151324,0.29144385,0.297709924,0.967032967,0.947368421,0.112600536,0.25,0.248194997,0.525395034,0.646599645,No,0.26
721,Wentworth Institute of Technology,0.029137942,0.045129104,0.06559698,0.052631579,0.175824176,0.089575927,0.026150676,0.387913223,0.673076923,0.33600713,0.102290076,0.021978022,0.578947368,0.345844504,0.125,0.276584915,0.490970655,0.821762271,Yes,0.61
38,Baylor University,0.124841189,0.200967324,0.366839704,0.347368421,0.626373626,0.31043677,0.022120449,0.212293388,0.337326608,0.22459893,0.167328244,0.692307692,0.684210526,0.428954424,0.59375,0.081380662,0.270428894,0.858663513,Yes,0.7
224,Gordon College,0.012350822,0.01877523,0.038854806,0.252631579,0.494505495,0.032122905,0.001740325,0.509297521,0.360970996,0.135472371,0.145038168,0.714285714,0.763157895,0.313672922,0.5,0.113861293,0.248306998,0.808752218,Yes,0.63
311,Livingstone College,0.01705788,0.015271536,0.028629857,0.221052632,0.417582418,0.015299644,0.00045798,0.106404959,0.255359395,0.31372549,0.099236641,0.494505495,0.907894737,0.211796247,0.25,0.114653044,0.183972912,0.438911886,Yes,0.92
549,SUNY at Binghamton,0.299543874,0.232081651,0.270882492,0.621052632,0.934065934,0.266791519,0.030684681,0.217458678,0.444199243,0.26916221,0.114503817,0.824175824,1,0.415549598,0.234375,0.091786529,0.319187359,0.321466588,No,0.79
206,Franklin Pierce College,0.106346198,0.167529896,0.064653138,0.021052632,0.054945055,0.05329482,0.054774445,0.56714876,0.44924338,0.180035651,0.083969466,0.461538462,0.421052632,0.404825737,0.25,0.060927102,0.27765237,0.836782969,Yes,0.46
606,University of Florida,0.25751359,0.333764948,0.564417178,0.557894737,0.835164835,0.772314627,0.150446531,0.24535124,0.378310214,0.237967914,0.195419847,0.879120879,0.960526316,0.292225201,0.3125,0.217750297,0.323927765,0.657007688,No,0.63
404,North Carolina Wesleyan College,0.015225043,0.023497601,0.025169105,0.063157895,0.164835165,0.016093195,0.003801237,0.304855372,0.386191677,0.22459893,0.159541985,0.758241758,0.697368421,0.273458445,0.171875,0.130148736,0.2996614,0.820816085,Yes,0.47
222,Goldey Beacom College,0.011496886,0.015081118,0.03916942,0.094736842,0.197802198,0.021711529,0.044057706,0.195247934,0.189943253,0.193850267,0.241221374,0.186813187,0.013157895,0.672922252,0.0625,0.054574245,0.211738149,0.691661739,Yes,0.29
83,Capitol College,0.000395726,0.000685505,0,0.094736842,0.472527473,0.004539106,0.01511335,0.313016529,0.162673392,0.090909091,0.287633588,0.021978022,0.342105263,0.257372654,0.375,0.090297284,0.200451467,0.881726789,Yes,0.47
247,Hillsdale College,0.017474434,0.025630284,0.049079755,0.357894737,0.626373626,0.031551549,0.001877719,0.45196281,0.460277427,0.135472371,0.076335878,0.791208791,0.736842105,0.254691689,0.484375,0.178200464,0.268623025,0.775044352,Yes,0.78
722,Wesley College,0.018724096,0.027991469,0.049551675,0.094736842,0.175824176,0.023266887,0.02047172,0.389979339,0.456179067,0.180035651,0.167938931,0.483516484,0.434210526,0.319034853,0.234375,0.057628141,0.34469526,0.791247782,Yes,0.83
300,Le Moyne College,0.028929665,0.042920253,0.061349693,0.210526316,0.736263736,0.053358304,0.025509503,0.449380165,0.482345523,0.135472371,0.099236641,0.89010989,0.894736842,0.289544236,0.4375,0.092974155,0.301354402,0.781904199,Yes,0.94
8,Albright College,0.019932102,0.029210145,0.030202926,0.305263158,0.593406593,0.026472829,0.013968399,0.684659091,0.412988651,0.090909091,0.038167939,0.78021978,0.789473684,0.235924933,0.359375,0.159443512,0.195259594,0.773270254,Yes,0.79
633,University of Montevallo,0.026451169,0.031228578,0.084159195,0.178947368,0.758241758,0.071292534,0.01511335,0.108471074,0.19703657,0.090909091,0.053435115,0.703296703,0.631578947,0.439678284,0.125,0.050841706,0.051918736,0.598225902,No,0.46
199,Florida State University,0.240976402,0.327938152,0.470033034,0.515789474,0.89010989,0.595702133,0.148431417,0.224173554,0.359394704,0.22459893,0.117557252,0.791208791,0.855263158,0.55227882,0.234375,0.076611307,0.249435666,0.698758131,No,0.54
372,Montana College of Mineral Sci. & Tech.,0.010226397,0.017975474,0.044832468,0.463157895,0.692307692,0.042248603,0.019006183,0.192820248,0.255359395,0.202317291,0.175572519,0.692307692,0.618421053,0.372654155,0.484375,0.055158633,0.212189616,0.942046127,No,0.72
244,Hartwick College,0.04169704,0.062952243,0.062136228,0.221052632,0.43956044,0.042058151,0.00302267,0.782024793,0.472887768,0.180035651,0.06870229,0.736263736,0.828947368,0.262734584,0.5,0.159085339,0.283295711,0.79668835,Yes,0.71
665,University of Southern Indiana,0.047862037,0.078490365,0.197734781,0.073684211,0.175824176,0.131538852,0.136111747,0.136002066,0.222572509,0.180035651,0.179389313,0.527472527,0.539473684,0.522788204,0.328125,0.016815277,0.185891648,0.8777055,No,0.31
140,Columbia University,0.139024847,0.070759388,0.131508573,0.810526316,0.956043956,0.102748857,0.002473094,0.841115702,0.769861286,0.202317291,0.007633588,0.978021978,0.973684211,0.091152815,0.328125,0.517522197,0.456433409,0.155174453,Yes,1
177,Eastern Illinois University,0.114885552,0.159227664,0.240679566,0.115789474,0.318681319,0.286376333,0.038653538,0.174070248,0.202711223,0.010695187,0.225954198,0.593406593,0.618421053,0.367292225,0.078125,0.047052614,0.163205418,0.71602602,No,0.74
379,Morningside College,0.010517985,0.017556554,0.032090609,0.157894737,0.296703297,0.025742763,0.010396153,0.422520661,0.299180328,0.180035651,0.114503817,0.43956044,0.578947368,0.28150134,0.5,0.092842197,0.192776524,0.893081017,Yes,0.52
20,Appalachian State University,0.150625872,0.174880037,0.294950448,0.2,0.593406593,0.311103352,0.047355164,0.230681818,0.119798235,0,0.267175573,0.824175824,0.947368421,0.423592493,0.21875,0.050295021,0.131602709,0.571614429,No,0.67
691,Ursuline College,0.005081957,0.007159723,0.008022652,0.210526316,0.417582418,0.017775521,0.03279139,0.375,0.381778058,0.157754011,0.076335878,0.340659341,0.592105263,0.214477212,0.234375,0.074990103,0.218058691,0.763453578,Yes,0.65
660,University of South Carolina at Aiken,0.01597484,0.018584812,0.053798962,0.136842105,0.164835165,0.054469274,0.064621021,0.178719008,0.202711223,0.180035651,0.190839695,0.593406593,0.5,0.329758713,0.046875,0.034855883,0.18013544,0.598344175,No,0.43
153,Daniel Webster College,0.010497157,0.016604463,0.018562215,0.115789474,0.230769231,0.010189182,0.024501946,0.514049587,0.497162673,0.180035651,0.038167939,0.582417582,0.486842105,0.528150134,0.15625,0.102871039,0.278103837,0.844352454,Yes,0.7
129,College of Saint Rose,0.018786579,0.02254551,0.033663678,0.231578947,0.527472527,0.04948578,0.040897641,0.395144628,0.612547289,0.31372549,0.190839695,0.637362637,0.618421053,0.316353887,0.4375,0.054630799,0.50744921,0.61620343,Yes,0.61
700,Virginia Union University,0.036781705,0.058572625,0.065754287,0.189473684,0.549450549,0.036788979,0.00302267,0.26053719,0.270176545,0.180035651,0.230992366,0.472527473,0.565789474,0.300268097,0.125,0.067317662,0.258126411,0.84825547,Yes,0.22
134,College of William and Mary,0.146543644,0.115545738,0.185936763,0.705263158,0.868131868,0.160201879,0.006091138,0.484504132,0.396910467,0.22459893,0.083969466,0.89010989,0.894736842,0.257372654,0.484375,0.119667465,0.251467269,0.333412182,No,0.93
570,Texas Christian University,0.083602358,0.11451748,0.182476011,0.336842105,0.604395604,0.156329355,0.030180902,0.317665289,0.242749054,0.24688057,0.328244275,0.802197802,0.907894737,0.329758713,0.359375,0.112579411,0.32731377,0.706564163,Yes,0.61
673,University of the Arts,0.018599129,0.024068855,0.040113261,0.042105263,0.142857143,0.031932453,0.001740325,0.525826446,0.327868852,0.536541889,0.06870229,0.087912088,0.460526316,0.134048257,0.140625,0.159386959,0.269751693,0.672146659,Yes,0.53
159,DePauw University,0.039843376,0.060324473,0.072361177,0.515789474,0.78021978,0.05853225,0.001602931,0.617768595,0.510718789,0.202317291,0.106870229,0.769230769,0.921052632,0.230563003,0.484375,0.157200219,0.344243792,0.799526907,Yes,0.81
754,Wisconsin Lutheran College,0.001478766,0.002132683,0.006292276,0.168421053,0.351648352,0.004539106,0.000961759,0.349173554,0.302648172,0.180035651,0.175572519,0.43956044,0.315789474,0.160857909,0.40625,0.108846872,0.240406321,0.8132466,Yes,0.45
180,Eckerd College,0.027929936,0.039492726,0.052068586,0.336842105,0.615384615,0.038852209,0.001007557,0.672520661,0.362547289,0.22459893,0.114503817,0.813186813,0.855263158,0.27613941,0.40625,0.222764718,0.249435666,0.739680662,Yes,0.55
558,SUNY College at New Paltz,0.173244746,0.134701805,0.097687588,0.189473684,0.483516484,0.143442103,0.067643691,0.217458678,0.38776797,0.202317291,0.190839695,0.846153846,0.907894737,0.343163539,0.125,0.064508832,0.318284424,0.325487877,No,0.48
690,Ursinus College,0.027450899,0.036331785,0.042944785,0.452631579,0.747252747,0.031488065,0.000732768,0.648760331,0.532786885,0.180035651,0.083969466,0.813186813,0.802631579,0.243967828,0.625,0.167700341,0.337471783,0.684683619,Yes,0.78
461,Rensselaer Polytechnic Institute,0.102368109,0.155876304,0.141733522,0.547368421,0.802197802,0.131792788,0.00068697,0.781766529,0.661412358,0.505347594,0.129770992,0.945054945,0.973684211,0.345844504,0.328125,0.234113145,0.545823928,0.80331165,Yes,0.67
304,Lesley College,0.003394914,0.004798538,0.007393425,0.115789474,0.263736264,0.031583291,0.01534234,0.483471074,0.554854981,0.202317291,0.084732824,0.692307692,0.842105263,0.678284182,0.28125,0.10383245,0.359480813,0.777054997,Yes,0.54
317,Louisiana Tech University,0.048236936,0.078909285,0.23438729,0.221052632,0.395604396,0.208894109,0.083398214,0.083522727,0.085907945,0.232620321,0.214656489,0.637362637,0.697368421,0.469168901,0.203125,0.025637642,0.127426637,0.875221762,No,0.39
142,Concordia Lutheran College,0.003144982,0.005484043,0.01116879,0.157894737,0.274725275,0.01253809,0.007831463,0.23553719,0.318411097,0.157754011,0.240458015,0.648351648,0.684210526,0.257372654,0.140625,0.069542104,0.294018059,0.918391484,Yes,0.36
663,University of Southern California,0.253014808,0.32089268,0.384143464,0.463157895,0.681318681,0.416455053,0.065399588,0.76911157,0.741172762,0.22459893,0.299236641,0.901098901,0.921052632,0.238605898,0.15625,0.260542538,0.657110609,0.639148433,Yes,0.65
181,Elizabethtown College,0.04865349,0.067446112,0.061507,0.368421053,0.67032967,0.042439055,0.013647813,0.612086777,0.412988651,0.180035651,0.076335878,0.626373626,0.578947368,0.27613941,0.390625,0.124964654,0.246049661,0.719101124,Yes,0.8
100,Central Missouri State University,0.095807385,0.153438952,0.220386975,0.094736842,0.285714286,0.252507618,0.073047859,0.117768595,0.237704918,0.090909091,0.305343511,0.67032967,0.736842105,0.461126005,0.0625,0.043640545,0.267268623,0.853459491,No,0.45
537,St. Mary's College of California,0.053360548,0.058610709,0.067641969,0.368421053,0.78021978,0.078593195,0.011312114,0.567768595,0.720996217,0.237967914,0.203664122,0.879120879,0.855263158,0.36461126,0.265625,0.121269817,0.575395034,0.538143111,Yes,0.76
326,Macalester College,0.059525545,0.054231091,0.06559698,0.578947368,0.846153846,0.05027933,0.005129379,0.700878099,0.471626734,0.180035651,0.06870229,0.846153846,0.881578947,0.252010724,0.578125,0.207872264,0.282392777,0.419278533,Yes,0.75
723,Wesleyan University,0.097702706,0.072396984,0.106496775,0.621052632,0.846153846,0.081735653,0.001190749,0.867252066,0.602143758,0.581105169,0.175572519,0.901098901,0.921052632,0.257372654,0.609375,0.246498388,0.556433409,0.306327617,Yes,0.92
174,East Texas Baptist University,0.006206652,0.010244497,0.036180588,0.094736842,0.296703297,0.028916963,0.006869705,0.13481405,0.157629256,0.193404635,0.190839695,0.593406593,0.5,0.353887399,0.109375,0.045864988,0.151241535,0.881371969,Yes,0.31
322,Luther College,0.030575053,0.050270394,0.086833412,0.389473684,0.692307692,0.067610462,0.003847035,0.563016529,0.280580076,0.22459893,0.022900763,0.714285714,0.802631579,0.302949062,0.59375,0.108639508,0.123024831,0.880070964,Yes,0.75
582,Trinity College VT,0.002936705,0.00430345,0.008809187,0.157894737,0.351648352,0.01095099,0.024730937,0.447830579,0.54035309,0.202317291,0.038167939,0.549450549,0.710526316,0.211796247,0.40625,0.120647727,0.314672686,0.802838557,Yes,0.76
564,Syracuse University,0.216524691,0.273745144,0.378637722,0.284210526,0.637362637,0.317515236,0.005312572,0.661673554,0.802332913,0.240196078,0.108396947,0.714285714,0.789473684,0.235924933,0.203125,0.208211586,0.563769752,0.636782969,Yes,0.64
468,Rocky Mountain College,0.009976465,0.012186762,0.036967123,0.105263158,0.241758242,0.019172169,0.00535837,0.330268595,0.249369483,0.22459893,0.057251908,0.527472527,0.710526316,0.235924933,0.421875,0.061002507,0.126072235,0.645180367,Yes,0.65
155,Davidson College,0.047737071,0.03366593,0.06559698,0.8,0.956043956,0.046406805,0.00022899,0.772469008,0.518600252,0.22459893,0.116183206,0.956043956,0.960526316,0.254691689,0.71875,0.271363131,0.36241535,0.293790656,Yes,0.94
36,Barnard College,0.050298877,0.05065123,0.078024225,0.547368421,0.945054945,0.062912646,0.003114266,0.805061983,1,0.22459893,0.091603053,0.824175824,0.907894737,0.209115282,0.515625,0.177088243,0.688939052,0.481608516,Yes,0.91
501,Sarah Lawrence College,0.027055173,0.026506208,0.035865975,0.589473684,0.802197802,0.027329863,0.004762995,0.876033058,0.774590164,0.22459893,0.06870229,0.89010989,0.907894737,0.096514745,0.28125,0.218542048,0.510609481,0.475458309,Yes,0.82
383,Mount Mary College,0.003207465,0.005522127,0.013528394,0.115789474,0.252747253,0.025139665,0.022257843,0.34142562,0.211065574,0.202317291,0.133587786,0.472527473,0.355263158,0.219839142,0.40625,0.072200124,0.149435666,0.90940272,Yes,0.76
72,Butler University,0.047507967,0.074834336,0.104609092,0.410526316,0.648351648,0.078339259,0.006732311,0.557334711,0.452395965,0.180035651,0.20610687,0.758241758,0.75,0.225201072,0.453125,0.119233887,0.37020316,0.837256062,Yes,0.82
400,Niagara University,0.044550434,0.065656181,0.067956583,0.673684211,0.989010989,0.056500762,0.015250744,0.412190083,0.470050441,0.157754011,0.061068702,0.659340659,1,0.313672922,0.3125,0.086753257,0.269977427,0.774098167,Yes,0.62
703,Voorhees College,0.028825526,0.035570112,0.024067957,0.094736842,0.230769231,0.017902489,0.000870163,0.108987603,0.116960908,0.180035651,0.145038168,0.384615385,0.25,0.54691689,0.046875,0.05042698,0.084875847,0.62945003,Yes,0.54
650,University of Pennsylvania,0.256451378,0.196511539,0.382098474,0.884210526,1,0.287772981,0.024272956,0.758264463,0.865384615,0.180035651,0.197557252,0.956043956,0.947368421,0.101876676,0.59375,0.425641412,0.659593679,0.316499113,Yes,0.93
667,University of St. Thomas MN,0.04115552,0.066075101,0.124744376,0.263157895,0.483516484,0.125920518,0.044927868,0.484090909,0.355769231,0.180035651,0.083969466,0.791208791,0.736842105,0.302949062,0.203125,0.101042472,0.210722348,0.856298048,Yes,0.89
384,Mount Mercy College,0.005977548,0.00933049,0.019506056,0.2,0.43956044,0.021171915,0.024776735,0.421487603,0.279791929,0.180035651,0.310687023,0.395604396,0.342105263,0.235924933,0.46875,0.066148887,0.323927765,0.836073329,Yes,0.61
228,Graceland College,0.009872326,0.013024602,0.032562529,0.136842105,0.351648352,0.027202895,0.10441951,0.349173554,0.208070618,0.202317291,0.096183206,0.472527473,0.486842105,0.565683646,0.375,0.045676476,0.119638826,0.699467771,Yes,0.42
526,Southwestern Adventist College,0.004998646,0.009368573,0.021551046,0.105263158,0.197802198,0.015267902,0.012777651,0.26838843,0.308322825,0.148841355,0.21389313,0.395604396,0.697368421,0.28150134,0.1875,0.040021113,0.26489842,0.989000591,Yes,0.29
223,Gonzaga University,0.037593985,0.055297433,0.077237691,0.315789474,0.637362637,0.07567293,0.013510419,0.550619835,0.420870113,0.22459893,0.328244275,0.769230769,0.868421053,0.327077748,0.5,0.120025638,0.449209932,0.773033708,Yes,0.66
503,Schreiner College,0.010476329,0.012986518,0.015101463,0.189473684,0.461538462,0.012125444,0.004488207,0.341683884,0.649432535,0.180035651,0.189007634,0.472527473,0.421052632,0.249329759,0.359375,0.101023621,0.498645598,0.653696038,Yes,0.47
219,Georgia State University,0.077312395,0.08641176,0.189240208,0.084210526,0.164835165,0.241017014,0.414609572,0.227479339,0.137925599,0.278074866,0.488549618,0.868131868,0.855263158,0.442359249,0.15625,0.086263125,0.378668172,0.547250148,No,0.27
252,Hood College,0.012871514,0.01877523,0.022180274,0.368421053,0.604395604,0.018124683,0.018227616,0.600206612,0.671500631,0.157754011,0.067175573,0.813186813,0.842105263,0.319034853,0.53125,0.174335966,0.418735892,0.773270254,Yes,0.7
253,Hope College,0.033969966,0.053736004,0.092653768,0.378947368,0.659340659,0.075101574,0.009480192,0.513171488,0.403688525,0.164438503,0.129770992,0.703296703,0.75,0.268096515,0.625,0.114954663,0.274943567,0.841750444,Yes,0.7
269,Iona College,0.100202029,0.131693198,0.138115463,0.126315789,0.263736264,0.119572118,0.066178154,0.431301653,0.789722573,0.211229947,0.13740458,0.637362637,0.776315789,0.361930295,0.21875,0.092766792,0.568848758,0.67072738,Yes,0.63
680,University of Washington,0.263845209,0.264795491,0.520371244,0.410526316,0.791208791,0.641728035,0.209800779,0.302634298,0.384300126,0.272727273,0.293435115,0.967032967,0.921052632,0.174262735,0.15625,0.251493958,0.409480813,0.468953282,No,0.62
711,Washington and Lee University,0.067356758,0.038997639,0.061349693,0.705263158,0.923076923,0.045867191,9.16E-05,0.589359504,0.447509458,0.260249554,0.132061069,0.802197802,0.947368421,0.190348525,0.703125,0.236582653,0.33227991,0.208279125,Yes,0.9
550,SUNY at Buffalo,0.311540624,0.36472694,0.480100676,0.368421053,1,0.438801422,0.14302725,0.217458678,0.465163934,0.272727273,0.107938931,0.901098901,0.960526316,0.297587131,0.234375,0.150639998,0.330248307,0.576108811,No,0.52
602,University of Denver,0.060254514,0.073463325,0.085732264,0.294736842,0.56043956,0.080212037,0.025326311,0.663842975,0.459489281,0.135472371,0.167938931,0.835164835,0.881578947,0.35924933,0.328125,0.161667955,0.335778781,0.613010053,Yes,0.64
402,North Carolina A. & T. State University,0.09847333,0.114898317,0.219285827,0.115789474,0.263736264,0.191182072,0.039844287,0.230681818,0,0.22459893,0.21389313,0.703296703,0.631578947,0.380697051,0.140625,0.073595114,0.063318284,0.576936724,No,0.38
533,St. John's College,0.005040302,0.007845228,0.013685701,0.315789474,0.461538462,0.008062468,0.000137394,0.713326446,0.578499369,0.079768271,0.083969466,0.604395604,0.631578947,0.126005362,0.40625,0.234433615,0.344808126,0.835245417,Yes,0.61
698,Virginia State University,0.060712724,0.09018204,0.10523832,0.010526316,0.230769231,0.091004317,0.015433936,0.167716942,0.48313367,0.180035651,0.053435115,0.582417582,0.513157895,0.361930295,0.171875,0.048014025,0.279345372,0.78048492,No,0.24
265,Incarnate Word College,0.022535563,0.032561505,0.055214724,0.157894737,0.43956044,0.049073134,0.025417907,0.335743802,0.458543506,0.29144385,0.385496183,0.648351648,0.592105263,0.238605898,0.328125,0.054838162,0.535440181,0.760023655,Yes,0.96
675,University of the South,0.028408973,0.034046767,0.04577631,0.473684211,0.813186813,0.031424581,0.001053355,0.672004132,0.362547289,0.157754011,0.085496183,0.89010989,0.907894737,0.209115282,0.8125,0.294041133,0.211060948,0.607924305,Yes,0.81
435,Pembroke State University,0.017974299,0.026734709,0.063709297,0.136842105,0.274725275,0.064594972,0.02418136,0.207644628,0.154476671,0.202317291,0.190534351,0.758241758,0.697368421,0.335120643,0.078125,0.061398383,0.151015801,0.786989947,No,0.43
89,Case Western Reserve University,0.079061921,0.11744992,0.106654082,0.736842105,0.923076923,0.092432707,0.023448592,0.690082645,0.465006305,0.191176471,0.184732824,0.956043956,0.934210526,0.010723861,0.453125,0.311930929,0.366252822,0.780011827,Yes,0.64
643,University of North Florida,0.035802803,0.044976769,0.082586126,0.452631579,0.835164835,0.118619858,0.164277536,0.221797521,0.40668348,0.22459893,0.359389313,0.813186813,0.802631579,0.410187668,0.21875,0.055007823,0.462076749,0.640567711,No,0.42
548,SUNY at Albany,0.280069981,0.347551222,0.284410886,0.157894737,0.571428571,0.318340528,0.056331578,0.217458678,0.405895334,0.26916221,0.2,0.934065934,0.947368421,0.399463807,0.25,0.11101476,0.35496614,0.621407451,No,0.72
544,Stetson University,0.030741674,0.043986595,0.071417335,0.378947368,0.659340659,0.057929152,0.003663842,0.515237603,0.438997478,0.22459893,0.170229008,0.846153846,0.868421053,0.268096515,0.375,0.134239448,0.34537246,0.749379066,Yes,0.71
254,Houghton College,0.018078437,0.027191713,0.042000944,0.305263158,0.67032967,0.033995683,0.001144951,0.395144628,0.279003783,0.180035651,0.190839695,0.846153846,0.868421053,0.335120643,0.375,0.094274888,0.23476298,0.796806623,Yes,0.64
422,Ohio Northern University,0.059463062,0.086449844,0.099732578,0.357894737,0.582417582,0.075006348,0.002976872,0.705061983,0.362547289,0.22459893,0.08778626,0.714285714,0.710526316,0.321715818,0.484375,0.128056252,0.229683973,0.760733294,Yes,0.82
192,Fairfield University,0.097952638,0.12468581,0.117350952,0.305263158,0.626373626,0.090305993,0.04744676,0.65392562,0.696721311,0.26916221,0.129770992,0.857142857,0.868421053,0.337801609,0.46875,0.1514506,0.511286682,0.644470727,Yes,0.94
357,Miami University at Oxford,0.190740008,0.293853302,0.512033978,0.357894737,0.32967033,0.427469528,0.036913213,0.336570248,0.343631778,0.180035651,0.172824427,0.802197802,0.855263158,0.404825737,0.3125,0.087846627,0.26772009,0.814192785,No,0.84
25,Assumption College,0.04278008,0.062000152,0.071731949,0.231578947,0.549450549,0.0498032,0.031509045,0.498966942,0.65258512,0.180035651,0.038167939,0.934065934,0.907894737,0.302949062,0.46875,0.073783626,0.389390519,0.759077469,Yes,0.88
376,Moorhead State University,0.049174182,0.079670957,0.181532169,0.115789474,0.307692308,0.185500254,0.049187085,0.107747934,0.139344262,0.22459893,0.114503817,0.747252747,0.75,0.418230563,0.296875,0.030331593,0.089616253,0.865405086,No,0.56
738,Wheaton College IL,0.028138213,0.03229492,0.080698443,0.578947368,0.824175824,0.065420264,0.002518892,0.472107438,0.381462799,0.193404635,0.175572519,0.802197802,0.776315789,0.273458445,0.625,0.164571041,0.300225734,0.57717327,Yes,0.84
22,Arizona State University Main campus,0.26509487,0.389824054,0.586125531,0.242105263,0.43956044,0.712734891,0.347332265,0.263119835,0.483921816,0.26916221,0.282442748,0.879120879,0.907894737,0.439678284,0.078125,0.02669331,0.471783296,0.769012419,No,0.43
168,Drew University,0.043154979,0.057430117,0.044989775,0.578947368,0.824175824,0.033424327,0.003938631,0.831198347,0.604665826,0.188948307,0.06259542,0.934065934,0.960526316,0.206434316,0.4375,0.220955002,0.375395034,0.685274985,Yes,0.82
241,Hanover College,0.019265616,0.029133978,0.044360547,0.336842105,0.615384615,0.028091671,0.000641172,0.30268595,0.268757881,0.180035651,0.145038168,0.835164835,0.789473684,0.217158177,0.40625,0.114276019,0.193566591,0.801301005,Yes,0.61
566,Talladega College,0.090246392,0.054383426,0.047192072,0.305263158,0.56043956,0.024409599,0.005404168,0.171797521,0.186633039,0.40285205,0.175572519,0.527472527,0.447368421,0.348525469,0.109375,0.052481761,0.213769752,0.21916026,Yes,0.4
444,Point Loma Nazarene College,0.01516256,0.023421433,0.061821614,0.2,0.373626374,0.055548502,0.009892375,0.404855372,0.379886507,0.31372549,0.076335878,0.692307692,0.618421053,0.36461126,0.296875,0.088770336,0.256207675,0.821643998,Yes,0.49
669,University of Tennessee at Knoxville,0.153958303,0.201843248,0.468459965,0.273684211,0.483516484,0.495492636,0.148202427,0.176859504,0.233606557,0.29144385,0.465648855,0.857142857,0.894736842,0.375335121,0.34375,0.102286651,0.433634312,0.667534004,No,0.48
454,Quinnipiac College,0.075625351,0.079252037,0.121283624,0.168421053,0.395604396,0.080561199,0.032653996,0.500516529,0.687263556,0.40285205,0.038167939,0.604395604,0.644736842,0.254691689,0.515625,0.106716685,0.470654628,0.503252513,Yes,0.85
173,East Tennessee State University,0.067669173,0.101226293,0.199465157,0.147368421,0.296703297,0.208449721,0.120861003,0.178719008,0.192307692,0.22459893,0.297709924,0.714285714,0.671052632,0.308310992,0.140625,0.125153166,0.262979684,0.786871674,No,0.36
209,Furman University,0.0433216,0.071559144,0.102249489,0.578947368,0.802197802,0.070848146,0.007968857,0.573347107,0.357503153,0.22459893,0.152671756,0.923076923,0.934210526,0.294906166,0.4375,0.183874677,0.274040632,0.885038439,Yes,0.81
569,Texas A&M Univ. at College Station,0.299772978,0.3978597,1,0.505263158,0.835164835,1,0.128097092,0.14411157,0.257250946,0.22459893,0.289160305,0.89010989,0.881578947,0.55227882,0.453125,0.099628631,0.303160271,0.676877587,No,0.66
438,Peru State College,0.012913169,0.016337878,0.066540821,0.094736842,0.340659341,0.026028441,0.020883902,0.012396694,0.133039092,0.180035651,0.099236641,0.43956044,1,0.471849866,0.375,0.031745433,0.062528217,0.662566529,No,0.38
629,University of Missouri at Columbia,0.135234207,0.173851779,0.456976561,0.326315789,0.582417582,0.464798121,0.072452485,0.346952479,0.268757881,0.22459893,0.264580153,0.868131868,0.828947368,0.273458445,0.234375,0.131185552,0.293227991,0.65156712,No,0.54
668,University of St. Thomas TX,0.006102514,0.007921395,0.023596036,0.463157895,0.747252747,0.027171153,0.018639798,0.320764463,0.357818411,0.180035651,0.167022901,0.736263736,0.671052632,0.27077748,0.265625,0.076366241,0.273589165,0.70277942,Yes,0.58
105,Chatham College,0.002728428,0.004760454,0.008809187,0.284210526,0.516483516,0.010538344,0.006732311,0.576446281,0.543820933,0.135472371,0.091603053,0.956043956,0.973684211,0.18230563,0.578125,0.243350237,0.33972912,0.916262567,Yes,0.47
679,University of Virginia,0.328411055,0.202300251,0.415762152,0.768421053,0.945054945,0.353574149,0.005175177,0.509917355,0.317150063,0.180035651,0.114503817,0.901098901,0.894736842,0.18766756,0.34375,0.19625992,0.205643341,0.219041987,No,0.96
255,Huntingdon College,0.010976194,0.017061467,0.014472235,0.263157895,0.417582418,0.012665058,0.005724754,0.296487603,0.337326608,0.180035651,0.129770992,0.604395604,0.631578947,0.238605898,0.140625,0.085150904,0.231376975,0.828858664,Yes,0.38
408,Northeast Missouri State University,0.12411222,0.171566761,0.249331446,0.368421053,0.692307692,0.174612748,0.012136478,0.129958678,0.257881463,0.135472371,0.129770992,0.67032967,0.631578947,0.353887399,0.203125,0.064376873,0.163205418,0.713542283,No,0.74
141,Concordia College at St. Paul,0.004165538,0.007388225,0.016359918,0.126315789,0.21978022,0.028885221,0.008243646,0.421487603,0.310529634,0.157754011,0.106870229,0.67032967,0.671052632,0.27613941,0.28125,0.071050201,0.189616253,0.936842105,Yes,0.39
487,Saint Louis University,0.066919376,0.105986747,0.14487966,0.452631579,0.637362637,0.140839259,0.052163957,0.482954545,0.465006305,0.31372549,1,0.835164835,0.921052632,0.056300268,0.296875,0.28618018,1,0.84234181,Yes,0.64
237,Hamilton College,0.063711911,0.065161094,0.065911594,0.410526316,0.802197802,0.047835196,0.001053355,0.896694215,0.515447667,0.090909091,0.083969466,0.912087912,0.947368421,0.190348525,0.9375,0.274756348,0.30248307,0.488823182,Yes,0.91
182,Elmira College,0.028658905,0.037055374,0.048765141,0.273684211,0.450549451,0.030789741,0.022944813,0.653409091,0.504413619,0.157754011,0.045801527,0.758241758,0.973684211,0.509383378,0.328125,0.081361811,0.283295711,0.665523359,Yes,0.61
374,Montclair State University,0.107033512,0.078299947,0.130564732,0.189473684,0.483516484,0.19908583,0.145866728,0.067561983,0.481399748,0.26916221,0.106870229,0.813186813,0.828947368,0.509383378,0.140625,0.066563613,0.340180587,0.299467771,No,0.54
3,Agnes Scott College,0.006998105,0.010549166,0.016045304,0.621052632,0.879120879,0.011776282,0.002839478,0.548553719,0.578499369,0.157754011,0.095419847,0.923076923,0.960526316,0.139410188,0.578125,0.298414613,0.373024831,0.807096393,Yes,0.55
588,Union College NY,0.071105742,0.062457156,0.077552305,0.505263158,0.824175824,0.056373794,0.00558736,0.846694215,0.697351828,0.157754011,0.118167939,0.945054945,0.947368421,0.241286863,0.765625,0.230456011,0.474943567,0.396570077,Yes,0.88
109,Christopher Newport University,0.016703809,0.02643004,0.061821614,0.021052632,0.307692308,0.087957085,0.080054958,0.285123967,0.46815889,0.191176471,0.250229008,0.791208791,0.763157895,0.501340483,0.25,0.027390804,0.416930023,0.843287995,No,0.43
12,Allentown Coll. of St. Francis de Sales,0.022868806,0.026963211,0.040113261,0.389473684,0.604395604,0.031456323,0.029173346,0.37964876,0.473675914,0.22459893,0.114503817,0.571428571,0.789473684,0.289544236,0.328125,0.08961864,0.329006772,0.599763454,Yes,0.72
117,Coe College,0.019265616,0.025516033,0.037753657,0.294736842,0.56043956,0.031361097,0.009342798,0.59839876,0.411412358,0.180035651,0.297709924,0.714285714,0.815789474,0.273458445,0.5,0.131110148,0.408577878,0.689651094,Yes,0.64
320,Loyola University,0.037698123,0.061923985,0.107597924,0.242105263,0.78021978,0.082560945,0.034806503,0.452479339,0.644703657,0.22459893,0.076335878,0.758241758,0.842105263,0.246648794,0.21875,0.118197071,0.423250564,0.879243051,Yes,0.48
16,Anderson University,0.023639431,0.031837916,0.061035079,0.189473684,0.340659341,0.053326562,0.012823449,0.400826446,0.274274905,0.202317291,0.129770992,0.43956044,0.486842105,0.257372654,0.21875,0.090636605,0.191873589,0.700413956,Yes,0.55
354,Merrimack College,0.039572616,0.055944855,0.075350008,0.178947368,0.296703297,0.056754698,0.049599267,0.524793388,0.696721311,0.124331551,0.114503817,0.714285714,0.671052632,0.383378016,0.34375,0.104077516,0.463318284,0.737315198,Yes,0.79
331,Manhattanville College,0.018349197,0.025820702,0.027843322,0.210526316,0.494505495,0.021933723,0.006823907,0.638429752,0.751891551,0.157754011,0.022900763,0.978021978,0.960526316,0.235924933,0.375,0.152789036,0.443566591,0.739325843,Yes,0.67
263,Illinois Wesleyan University,0.061837419,0.048366212,0.068585811,0.568421053,0.846153846,0.05329482,0.001007557,0.620867769,0.364123581,0.135472371,0.061068702,0.758241758,0.894736842,0.278820375,0.53125,0.1210059,0.188487585,0.337670018,Yes,0.82
520,Southern California College,0.006331619,0.010206413,0.024854491,0.178947368,0.318681319,0.020473591,0.005770552,0.370867769,0.369482976,0.237967914,0.239389313,0.604395604,0.539473684,0.431635389,0.171875,0.094878127,0.350112867,0.861738616,Yes,0.37
205,Franklin College,0.015058422,0.021326834,0.038697499,0.294736842,0.692307692,0.022251143,0.003068468,0.415805785,0.356242119,0.191176471,0.167175573,0.505494505,0.710526316,0.268096515,0.578125,0.161460592,0.275395034,0.747013601,Yes,0.56
407,North Park College,0.007997834,0.01100617,0.022180274,0.189473684,0.32967033,0.023489081,0.007098695,0.52892562,0.404319042,0.135472371,0.109923664,0.747252747,0.723684211,0.284182306,0.375,0.145210851,0.253386005,0.735422827,Yes,0.72
164,Dominican College of Blauvelt,0.005810926,0.009787493,0.011483404,0.031578947,0.10989011,0.019584815,0.039477902,0.308367769,0.586380832,0.22459893,0.236641221,0.384615385,0.25,0.273458445,0.078125,0.04324467,0.5,0.898166765,Yes,0.49
124,College of Notre Dame,0.005477683,0.007312057,0.009753028,0.105263158,0.362637363,0.011458862,0.01511335,0.529958678,0.589533417,0.237967914,0.305343511,0.758241758,0.736842105,0.211796247,0.109375,0.124172903,0.556433409,0.724896511,Yes,0.37
651,University of Pittsburgh-Main Campus,0.177139525,0.240345799,0.388233443,0.252631579,0.549450549,0.412614271,0.196381956,0.436260331,0.438209332,0.135472371,0.099236641,0.934065934,0.907894737,0.142091153,0.15625,0.199879352,0.269751693,0.69651094,No,0.63
513,Simpson College,0.019473892,0.030466905,0.04168633,0.273684211,0.527472527,0.031011935,0.027524616,0.460227273,0.504413619,0.202317291,0.175572519,0.637362637,0.644736842,0.356568365,0.5625,0.079646351,0.390519187,0.83240686,Yes,0.67
333,Marian College of Fond du Lac,0.015474976,0.022774012,0.047506686,0.147368421,0.351648352,0.032408583,0.029860316,0.364669421,0.255359395,0.180035651,0.129770992,0.318681319,0.171052632,0.158176944,0.328125,0.040831715,0.17268623,0.778947368,Yes,0.55
47,Bentley College,0.070501739,0.08599284,0.095170678,0.2,0.56043956,0.093829355,0.070162583,0.591942149,0.587957125,0.237967914,0.091603053,0.868131868,0.828947368,0.402144772,0.3125,0.146191114,0.397291196,0.612300414,Yes,0.81
214,George Mason University,0.116051903,0.162007769,0.266163285,0.168421053,0.21978022,0.298025648,0.174994275,0.436983471,0.482345523,0.215686275,0.122137405,0.934065934,0.947368421,0.450402145,0.109375,0.067204554,0.338600451,0.722412774,No,0.4
666,University of Southern Mississippi,0.057671881,0.075100922,0.159037282,0.2,0.450549451,0.289518791,0.063476071,0.119421488,0.108764187,0.180035651,0.038167939,0.769230769,0.986842105,0.434316354,0.359375,0.051482647,0,0.665523359,No,0.39
504,Scripps College,0.016120634,0.021326834,0.016359918,0.621052632,0.813186813,0.01364906,0.000274788,0.769524793,0.877994956,0.22459893,0.083969466,0.956043956,1,0.152815013,0.640625,0.286274436,0.595936795,0.691543465,Yes,0.71
441,Phillips University,0.01272572,0.01919415,0.02186566,0.189473684,0.450549451,0.014537836,0.003755439,0.421487603,0.327868852,0.22459893,0.105343511,0.549450549,0.526315789,0.243967828,0.296875,0.109412408,0.217832957,0.801774098,Yes,0.33
293,LaGrange College,0.009643222,0.012453348,0.022337581,0.147368421,0.285714286,0.014633062,0.016578887,0.240030992,0.284520807,0.29144385,0.190839695,0.758241758,0.776315789,0.268096515,0.1875,0.110863951,0.266930023,0.684801892,Yes,0.73
213,George Fox College,0.01516256,0.024906695,0.040742489,0.273684211,0.472527473,0.035931945,0.001923517,0.524793388,0.370428752,0.135472371,0.122137405,0.494505495,0.381578947,0.294906166,0.34375,0.074462269,0.238148984,0.878651685,Yes,0.47
744,Widener University,0.042863391,0.054078757,0.073462325,0.242105263,0.604395604,0.064975876,0.099381727,0.517045455,0.565889029,0.180035651,0.167938931,0.879120879,0.815789474,0.27077748,0.296875,0.120968198,0.423250564,0.642223536,Yes,0.6
309,Lincoln University,0.032886926,0.038807221,0.04577631,0.147368421,0.351648352,0.033551295,0.001465537,0.127995868,0.255359395,0.113190731,0.175572519,0.692307692,0.631578947,0.27077748,0.125,0.145644429,0.189616253,0.594559432,No,0.39
0,Abilene Christian University,0.032886926,0.044177013,0.107912537,0.231578947,0.472527473,0.087163535,0.024547744,0.263429752,0.239596469,0.157754011,0.297709924,0.681318681,0.710526316,0.418230563,0.1875,0.072671405,0.279909707,0.695091662,Yes,0.56
91,Catawba College,0.020869348,0.030771574,0.040270568,0.126315789,0.274725275,0.024631793,0.003618044,0.357954545,0.365699874,0.22459893,0.245801527,0.736263736,0.763157895,0.294906166,0.421875,0.098761476,0.348758465,0.778356002,Yes,0.51
428,Otterbein College,0.029471185,0.043148755,0.061821614,0.263157895,0.527472527,0.04789868,0.042821159,0.544834711,0.419293821,0.144385027,0.090076336,0.593406593,0.578947368,0.305630027,0.46875,0.105868381,0.251693002,0.769958604,Yes,0.87
144,Concordia University,0.009309979,0.012605682,0.023753343,0.221052632,0.516483516,0.032662519,0.006594916,0.355165289,0.380044136,0.135472371,0.114503817,0.527472527,0.526315789,0.257372654,0.203125,0.077723528,0.239390519,0.720047309,Yes,0.73
715,Wayne State College,0.026909379,0.049546805,0.108384458,0.052631579,0.131868132,0.083005333,0.021662469,0.018595041,0.138713745,0.197860963,0.215267176,0.571428571,0.578947368,0.477211796,0.453125,0.025713047,0.156884876,1,No,0.47
761,Yale University,0.221273405,0.090677127,0.201667453,0.989473684,0.989010989,0.161185881,0.003755439,0.90392562,0.745586381,0.237967914,0.284732824,0.967032967,0.947368421,0.08847185,0.765625,0.701264916,0.652934537,0.088231815,Yes,1
232,Greenville College,0.00893508,0.011996344,0.025011798,0.2,0.406593407,0.020060945,0.002381498,0.411673554,0.433480454,0.135472371,0.083969466,0.538461538,0.486842105,0.316353887,0.25,0.094934681,0.255079007,0.714725015,Yes,0.56
714,Washington University,0.157728115,0.197539797,0.191757118,0.642105263,0.923076923,0.150457085,0.058300893,0.82696281,0.629728878,0.299465241,0.192671756,0.912087912,0.973684211,0.037533512,0.484375,0.801477935,0.517494357,0.629923122,Yes,0.9
250,Hofstra University,0.153021057,0.22042806,0.206701274,0.252631579,0.593406593,0.202990096,0.061781543,0.478305785,0.65258512,0.40285205,0.114503817,0.802197802,0.868421053,0.305630027,0.15625,0.13020529,0.502257336,0.750325251,Yes,0.56
136,Colorado College,0.065107367,0.057315866,0.071574642,0.578947368,0.857142857,0.055643728,0.000274788,0.764566116,0.379886507,0.157754011,0.145038168,0.846153846,0.960526316,0.235924933,0.796875,0.216374159,0.267494357,0.398817268,Yes,0.83
6,Albertus Magnus College,0.005665132,0.010206413,0.01069687,0.168421053,0.395604396,0.008792534,0.010487749,0.565599174,0.621059269,0.180035651,0.190839695,0.901098901,0.907894737,0.241286863,0.40625,0.106980602,0.479683973,0.956475458,Yes,0.6
474,Rutgers State University at Camden,0.06841897,0.063980501,0.03098946,0.273684211,0.769230769,0.077640934,0.059491642,0.261931818,0.467843632,0.264705882,0.268549618,0.901098901,0.934210526,0.431635389,0.1875,0.130978189,0.448871332,0.432879953,No,0.53
238,Hamline University,0.019265616,0.028676975,0.046090923,0.347368421,0.703296703,0.038820467,0.004625601,0.563636364,0.380517024,0.157754011,0.045801527,0.89010989,0.907894737,0.28150134,0.515625,0.134032085,0.194582393,0.787226493,Yes,0.62
26,Auburn University-Main Campus,0.15552038,0.255883921,0.477426459,0.252631579,0.527472527,0.511776282,0.078543623,0.204545455,0.339375788,0.22459893,0.253129771,0.846153846,0.881578947,0.380697051,0.28125,0.065149773,0.335327314,0.881371969,No,0.66
420,Occidental College,0.046716514,0.047490289,0.052697813,0.536842105,0.791208791,0.049104876,0.001557133,0.734504132,0.5296343,0.205882353,0.137709924,0.912087912,0.907894737,0.214477212,0.46875,0.245254209,0.381489842,0.488586635,Yes,0.78
